,First Name,Last Name,Email,Phone Number,Address,Date of Birth,Gender,Occupation
0,Amanda,Nelson,kimberly97@yahoo.com,+1-977-240-0240x6552,"Unit 0605 Box 3763, DPO AE 43932",1964-10-20,Non-binary,Mental health nurse
1,Darrell,Woods,jonesjeffrey@gmail.com,+1-563-946-5531,"51878 Parrish Parkway Suite 854, Jenniferbury, NJ 36072",2003-11-06,Female,"Buyer, retail"
2,Sarah,Terry,ryan09@yahoo.com,(767)284-2381x55814,"015 Kristin Motorway Apt. 933, Aliciatown, AL 03859",1954-04-22,Male,Technical sales engineer
3,Melissa,Hudson,john67@james.com,783-806-6999,"47608 Michelle Corner Apt. 531, West Hannahfort, MA 69384",1978-11-15,Female,Chief Strategy Officer
4,Rodney,Jimenez,tannermcdowell@velez-bennett.biz,001-737-761-5759x702,"44667 Bailey Harbor, Lake Carl, MD 49960",1984-04-03,Non-binary,Writer
5,Lindsey,Anthony,tchapman@bryant-palmer.org,390-452-9015,"41942 Patty Mews, West Christophershire, MO 03961",2005-08-16,Male,Psychotherapist
6,Wyatt,Wallace,briancooley@hotmail.com,+1-990-841-6864x60177,"198 Brenda Wall Suite 399, Paulborough, MN 92739",1962-01-21,Female,Data processing manager
7,Brian,Daniels,fhicks@hotmail.com,+1-840-888-9160x2648,"549 Paul Loop, North James, KY 13416",1976-09-20,Female,"Conservator, museum/gallery"
8,Mary,Henderson,morgankenneth@gmail.com,400.053.1542x64966,"2612 Moore Branch, Port Douglas, ME 21834",1991-10-22,Non-binary,"Scientist, research (physical sciences)"
9,Latoya,Conner,cooperjanet@combs.com,001-354-513-5730x73135,"66375 Pierce Street, Kennethburgh, MA 67691",1994-04-10,Non-binary,Chartered certified accountant
10,Mary,Sims,sandraneal@henson.biz,001-529-329-3221x173,"894 Black Drive, South Eric, OR 41349",1993-12-23,Male,Theatre stage manager
11,Angela,Silva,melissagonzalez@yahoo.com,303.688.3662x0087,"18983 Barnes View, New Heathermouth, DE 81623",2005-09-14,Male,"Engineer, communications"
12,Barbara,Moore,alexishuynh@hotmail.com,(627)824-4853,"667 Anthony Pines, Christinaberg, SD 68889",1970-11-18,Non-binary,Advertising copywriter
13,Antonio,Harmon,kcolon@gmail.com,001-357-372-0102,"24213 Jennings Well, Natalieville, MI 27984",1968-06-22,Male,Community pharmacist
14,Donna,Schmidt,dgutierrez@gmail.com,223-193-4124x62692,"577 Mallory Land, South Emilyburgh, NC 46219",1962-05-29,Male,Horticultural consultant
15,Jessica,Snyder,sarah93@mays-potter.com,(644)675-8033,"725 Dixon Coves Suite 780, East Thomas, NV 94590",1983-01-02,Female,Recycling officer
16,Michelle,Bernard,browndavid@leon.com,001-816-418-9774x684,"9067 Tony Vista Apt. 945, Rodriguezstad, LA 54307",1988-01-06,Non-binary,"Engineer, manufacturing systems"
17,Tanner,Byrd,williamjoseph@acosta-miranda.com,9083421566,"461 Wall Road Suite 637, South Tina, SC 75779",1975-04-07,Male,Industrial/product designer
18,Tina,Anderson,ywhite@meyer.com,+1-567-495-5916x71598,"11906 Alicia Curve, North Michaelside, VT 48549",1982-03-19,Female,Medical technical officer
19,Ashley,Moore,mallory86@nguyen.com,190-420-2861,"82280 Mcdaniel Walks Suite 927, Christopherland, IN 53013",1999-08-25,Non-binary,Environmental health practitioner
20,Kayla,Travis,hernandezjennifer@gmail.com,626-589-0282x7950,"73939 Mendoza Square Suite 198, Janicemouth, DC 96119",1980-10-08,Male,"Accountant, chartered certified"
21,Veronica,Henry,hjohnson@gmail.com,283-777-2567x5388,"766 Michelle Gardens Suite 556, Bryantown, FL 83123",1981-02-12,Male,Information systems manager
22,Kevin,Howell,john44@nelson.com,001-146-042-1778,"61926 James Brook Suite 102, Lake Charles, NM 45323",1981-10-15,Non-binary,"Administrator, Civil Service"
23,Brett,Miller,davidzuniga@hotmail.com,(595)791-5320x355,"30933 Carol Square Apt. 324, East Zachary, TX 37576",1979-02-10,Male,TEFL teacher
24,Andrew,Johnson,smithmario@schneider.biz,224-264-9702x705,"073 Armstrong Squares, Washingtonstad, AK 80546",1955-07-22,Non-binary,"Psychotherapist, child"
